type	submitter_id	platform_unit	is_paired_end	read_length_r1	read_length_r2	insert_size	sample_barcode	library_name	experiment_submitter_id
read_group	100512_i280_61P47_LT_1_NoIndex	100512_i280_61P47_LT_1_NoIndex		150	150	120		PCSI_0024_Pa_X_PE_250_EX	TEST-EXP-1
read_group	110909_SN393_0184_BC00ERACXX_6_TTAGGC	SN393		150	150	120		PCSI_0101_Ly_R_PE_359_EX	TEST-EXP-2
read_group	110728_SN802_0067_AC02B1ACXX_6_ACAGTG	110728_SN802_0067_AC02B1ACXX_6_ACAGTG		150	150	120		PCSI_0009_Ly_R_PE_429_EX	TEST-EXP-3
read_group	111209_h239_0135_BD0GRMACXX_1_TTAGGC	h239		150	150	120		PCSI_0101_Ly_R_PE_359_EX	TEST-EXP-4
read_group	110406_SN801_0046_BB0809ABXX_6_NoIndex	110406_SN801_0046_BB0809ABXX_6_NoIndex		150	150	120		PCSI_0018_Pa_X_PE_229_EX	TEST-EXP-5
read_group	120215_SN1080_0099_AC0GHPACXX_2_NoIndex	SN1080		150	150	120		PCSI_0139_Pa_X_PE_427_EX	TEST-EXP-6
read_group	110401_SN393_0121_A81CGEABXX_7_NoIndex	SN393		150	150	120		PCSI_0021_Ep_R_PE_400_EX	TEST-EXP-7
read_group	100805_I581_00012_6241F_LT_3_NoIndex	100805_I581_00012_6241F_LT_3_NoIndex		150	150	120		PCSI_0009_Pa_X_PE_300_EX	TEST-EXP-8
read_group	111118_h803_0071_AC08E3ACXX_5_NoIndex	h803		150	150	120		PCSI_0127_Pa_P_PE_403_EX	TEST-EXP-9
read_group	120125_h1080_0092_AD0DDKACXX_3_NoIndex	h1080		150	150	120		PCSI_0020_Ly_R_PE_426_EX	TEST-EXP-10
read_group	110915_SN203_0123_AC00R9ACXX_4_CAGATC	SN203		150	150	120		PCSI_0093_Ly_R_PE_349_EX	TEST-EXP-11
read_group	110421_SN393_0123_B8159EABXX_8_NoIndex	SN393		150	150	120		PCSI_0072_Ly_R_PE_401_EX	TEST-EXP-12
read_group	110406_SN801_0046_BB0809ABXX_2_NoIndex	110406_SN801_0046_BB0809ABXX_2_NoIndex		150	150	120		PCSI_0007_Pa_X_PE_233_EX	TEST-EXP-13
read_group	100115_i1551_61FTP_AW_7_NoIndex	100115_i1551_61FTP_AW_7_NoIndex		150	150	120		PCSI_0006_Pa_C_PE_250_EX	TEST-EXP-14
read_group	100115_i278_61FW5_LT_5_NoIndex	100115_i278_61FW5_LT_5_NoIndex		150	150	120		PCSI_0022_Pa_X_PE_250_EX	TEST-EXP-15
read_group	110428_SN804_0047_A816G1ABXX_8_NoIndex	SN804		150	150	120		PCSI_0072_Ly_R_PE_401_EX	TEST-EXP-16
read_group	121005_h804_0096_AD0V4NACXX_8_NoIndex	h804		150	150	120		PCSI_0093_Pa_X_PE_405_EX	TEST-EXP-17
read_group	120511_SN1080_0107_AD0VMLACXX_7_NoIndex	SN1080		150	150	120		PCSI_0124_St_R_PE_430_EX	TEST-EXP-18
read_group	110625_SN804_0061_AD04C4ACXX_6_ACAGTG	SN804		150	150	120		PCSI_0079_Ly_R_PE_490_EX	TEST-EXP-19
read_group	110513_I1551_00025_70C97_LT_5_NoIndex	I1551		150	150	120		PCSI_0062_Ly_R_PE_326_EX	TEST-EXP-20
read_group	110526_I580_00042_62VVH_AP_7_ATCACG	I580		150	150	120		PCSI_0037_Pa_X_PE_305_EX	TEST-EXP-21
read_group	100115_i278_61FW5_LT_1_NoIndex	100115_i278_61FW5_LT_1_NoIndex		150	150	120		PCSI_0022_Pa_P_PE_250_EX	TEST-EXP-22
read_group	100115_i278_61FW5_LT_4_NoIndex	100115_i278_61FW5_LT_4_NoIndex		150	150	120		PCSI_0022_Pa_P_PE_250_EX	TEST-EXP-23
read_group	110421_SN802_0050_B814PTABXX_3_NoIndex	SN802		150	150	120		PCSI_0073_Ly_R_PE_357_EX	TEST-EXP-24
read_group	110909_SN393_0184_BC00ERACXX_7_CGATGT	SN393		150	150	120		PCSI_0099_Ly_R_PE_363_EX	TEST-EXP-25
read_group	110608_SN801_0054_BC00ECACXX_4_ACAGTG	110608_SN801_0054_BC00ECACXX_4_ACAGTG		150	150	120		PCSI_0080_Ly_R_PE_355_EX	TEST-EXP-26
read_group	110819_SN393_0183_AB02B9ACXX_8_TAGCTT	SN393		150	150	120		PCSI_0075_Ly_R_PE_439_EX	TEST-EXP-27
read_group	110310_SN393_0116_A81ML9ABXX_6_NoIndex	110310_SN393_0116_A81ML9ABXX_6_NoIndex		150	150	120		PCSI_0005_Ly_R_PE_350_EX	TEST-EXP-28
read_group	110520_SN801_0050_AB09E1ABXX_4_NoIndex	110520_SN801_0050_AB09E1ABXX_4_NoIndex		150	150	120		PCSI_0018_St_R_PE_241_EX	TEST-EXP-29
read_group	090925_I320_42HRN_MMM_7_NoIndex	090925_I320_42HRN_MMM_7_NoIndex		150	150	120		PCSI_0006_Pa_C_PE_nn_EX	TEST-EXP-30
read_group	110415_SN804_0046_B816G0ABXX_6_NoIndex	SN804		150	150	120		PCSI_0023_Pa_P_PE_350_EX	TEST-EXP-31
read_group	110406_SN801_0045_AB07R4ABXX_1_NoIndex	110406_SN801_0045_AB07R4ABXX_1_NoIndex		150	150	120		PCSI_0001_Pa_P_PE_230_EX	TEST-EXP-32
read_group	091214_i1551_612FB_LT_5_NoIndex	091214_i1551_612FB_LT_5_NoIndex		150	150	120		PCSI_0002_Pa_X_PE_250_EX	TEST-EXP-33
read_group	110915_SN203_0123_AC00R9ACXX_1_TTAGGC	SN203		150	150	120		PCSI_0093_Pa_X_PE_435_EX	TEST-EXP-34
read_group	110311_I581_00031_612RN_LT_4_NoIndex	110311_I581_00031_612RN_LT_4_NoIndex		150	150	120		PCSI_0007_Pa_X_PE_233_EX	TEST-EXP-35
read_group	100805_I581_00012_6241F_LT_6_NoIndex	I581		150	150	120		PCSI_0010_Pa_X_PE_300_EX	TEST-EXP-36
read_group	091214_i277_61AML_LT_7_NoIndex	091214_i277_61AML_LT_7_NoIndex		150	150	120		PCSI_0005_Ly_R_PE_250_EX	TEST-EXP-37
read_group	101103_I580_00031_709HR_AP_7_NoIndex	I580		150	150	120		PCSI_0021_Ep_R_PE_400_EX	TEST-EXP-38
read_group	110316_I580_00038_612RG_LT_5_NoIndex	110316_I580_00038_612RG_LT_5_NoIndex		150	150	120		PCSI_0006_Pa_P_PE_231_EX	TEST-EXP-39
read_group	111110_h1080_0084_AC08UPACXX_8_NoIndex	h1080		150	150	120		PCSI_0120_Pa_P_PE_430_EX	TEST-EXP-40
read_group	111027_SN203_0127_BC08J8ACXX_7_CGATGT	SN203		150	150	120		PCSI_0112_Ly_R_PE_446_EX	TEST-EXP-41
read_group	110819_SN393_0183_AB02B9ACXX_3_GATCAG	SN393		150	150	120		PCSI_0076_Pa_P_PE_437_EX	TEST-EXP-42
read_group	110421_SN802_0050_B814PTABXX_2_NoIndex	SN802		150	150	120		PCSI_0078_Pa_X_PE_348_EX	TEST-EXP-43
read_group	121011_SN802_0091_AD1DDBACXX_3_NoIndex	SN802		150	150	120		PCSI_0112_Ly_R_PE_389_EX	TEST-EXP-44
read_group	110421_SN801_0047_A81592ABXX_8_NoIndex	110421_SN801_0047_A81592ABXX_8_NoIndex		150	150	120		PCSI_0084_Pa_X_PE_347_EX	TEST-EXP-45
read_group	110316_I580_00038_612RG_LT_6_NoIndex	110316_I580_00038_612RG_LT_6_NoIndex		150	150	120		PCSI_0006_Pa_P_PE_231_EX	TEST-EXP-46
read_group	110728_SN802_0067_AC02B1ACXX_5_NoIndex	110728_SN802_0067_AC02B1ACXX_5_NoIndex		150	150	120		PCSI_0007_Pa_P_PE_221_EX	TEST-EXP-47
read_group	120719_h803_0091_AD132CACXX_5_NoIndex	120719_h803_0091_AD132CACXX_5_NoIndex		150	150	120		MPCC_0037_Pa_C_PE_437_EX	TEST-EXP-48
read_group	100115_i278_61FW5_LT_8_NoIndex	100115_i278_61FW5_LT_8_NoIndex		150	150	120		PCSI_0022_Pa_X_PE_250_EX	TEST-EXP-49
read_group	120711_SN1068_0092_AC0T07ACXX_5_NoIndex	120711_SN1068_0092_AC0T07ACXX_5_NoIndex		150	150	120		MPCC_0039_Pa_C_PE_412_EX	TEST-EXP-50
read_group	110401_SN393_0121_A81CGEABXX_6_NoIndex	110401_SN393_0121_A81CGEABXX_6_NoIndex		150	150	120		PCSI_0001_Ly_R_PE_400_EX	TEST-EXP-51
read_group	110525_SN801_0052_Bb01n6acxx_8_NoIndex	SN801		150	150	120		PCSI_0069_Ly_R_PE_392_EX	TEST-EXP-52
read_group	111209_h239_0135_BD0GRMACXX_1_GCCAAT	h239		150	150	120		PCSI_0108_Ly_R_PE_347_EX	TEST-EXP-53
read_group	110513_I1551_00025_70C97_LT_1_CTTGTA	I1551		150	150	120		PCSI_0058_Pa_X_PE_396_EX	TEST-EXP-54
read_group	120215_SN1080_0099_AC0GHPACXX_7_NoIndex	SN1080		150	150	120		PCSI_0114_Pa_P_PE_428_EX	TEST-EXP-55
read_group	110915_SN203_0123_AC00R9ACXX_6_ACAGTG	SN203		150	150	120		PCSI_0102_Pa_P_PE_433_EX	TEST-EXP-56
read_group	100115_i278_61FW5_LT_7_NoIndex	100115_i278_61FW5_LT_7_NoIndex		150	150	120		PCSI_0022_Pa_X_PE_250_EX	TEST-EXP-57
read_group	091228_i580_61E0C_LT_8_NoIndex	091228_i580_61E0C_LT_8_NoIndex		150	150	120		PCSI_0006_Ly_R_PE_250_EX	TEST-EXP-58
read_group	110526_I580_00042_62VVH_AP_8_ATCACG	I580		150	150	120		PCSI_0037_Pa_X_PE_305_EX	TEST-EXP-59
read_group	091214_i1551_612FB_LT_1_NoIndex	091214_i1551_612FB_LT_1_NoIndex		150	150	120		PCSI_0002_Pa_P_PE_250_EX	TEST-EXP-60
read_group	110329_I1551_00023_63109_LT_5_NoIndex	110329_I1551_00023_63109_LT_5_NoIndex		150	150	120		PCSI_0018_Pa_X_PE_229_EX	TEST-EXP-61
read_group	110608_SN801_0054_BC00ECACXX_7_NoIndex	SN801		150	150	120		PCSI_0069_Ly_R_PE_392_EX	TEST-EXP-62
read_group	110310_SN393_0116_A81ML9ABXX_7_NoIndex	110310_SN393_0116_A81ML9ABXX_7_NoIndex		150	150	120		PCSI_0002_Ly_R_PE_350_EX	TEST-EXP-63
read_group	110513_I581_00032_70CGE_LT_5_TAGCTT	I581		150	150	120		PCSI_0050_Pa_X_PE_397_EX	TEST-EXP-64
read_group	110421_SN801_0048_B815A1ABXX_6_NoIndex	SN801		150	150	120		PCSI_0066_Pa_X_PE_386_EX	TEST-EXP-65
read_group	110415_SN804_0046_B816G0ABXX_1_NoIndex	110415_SN804_0046_B816G0ABXX_1_NoIndex		150	150	120		PCSI_0019_Pa_X_PE_402_EX	TEST-EXP-66
read_group	110616_SN802_0060_AC00FWACXX_5_TGACCA	SN802		150	150	120		PCSI_0057_Pa_X_PE_337_EX	TEST-EXP-67
read_group	110625_SN804_0061_AD04C4ACXX_5_TTAGGC	SN804		150	150	120		PCSI_0076_Ly_R_PE_430_EX	TEST-EXP-68
read_group	121005_h804_0096_AD0V4NACXX_4_NoIndex	h804		150	150	120		PCSI_0057_Pa_X_PE_401_EX	TEST-EXP-69
read_group	091214_i278_616JH_LT_7_NoIndex	091214_i278_616JH_LT_7_NoIndex		150	150	120		PCSI_0005_Pa_X_PE_250_EX	TEST-EXP-70
read_group	110329_I1551_00023_63109_LT_2_NoIndex	110329_I1551_00023_63109_LT_2_NoIndex		150	150	120		PCSI_0018_St_R_PE_241_EX	TEST-EXP-71
read_group	110920_SN393_0187_BD04Y4ACXX_7_CGATGT	SN393		150	150	120		PCSI_0083_Ly_R_PE_355_EX	TEST-EXP-72
read_group	111209_h239_0135_BD0GRMACXX_8_NoIndex	h239		150	150	120		PCSI_0128_Pa_P_PE_347_EX	TEST-EXP-73
read_group	111027_SN203_0127_BC08J8ACXX_4_TTAGGC	SN203		150	150	120		PCSI_0112_Pa_P_PE_430_EX	TEST-EXP-74
read_group	110601_I1551_00026_62RV4_AP_7_CGATGT	I1551		150	150	120		PCSI_0052_Pa_X_PE_315_EX	TEST-EXP-75
read_group	110909_SN393_0184_BC00ERACXX_6_TGACCA	SN393		150	150	120		PCSI_0104_Ly_R_PE_341_EX	TEST-EXP-76
read_group	110915_SN203_0123_AC00R9ACXX_8_ACTTGA	SN203		150	150	120		PCSI_0109_Pa_P_PE_429_EX	TEST-EXP-77
read_group	110915_SN203_0123_AC00R9ACXX_6_ACTTGA	SN203		150	150	120		PCSI_0085_Pa_P_PE_348_EX	TEST-EXP-78
read_group	100512_i280_61P47_LT_2_NoIndex	100512_i280_61P47_LT_2_NoIndex		150	150	120		PCSI_0024_Pa_P_PE_250_EX	TEST-EXP-79
read_group	091214_i1551_612FB_LT_4_NoIndex	091214_i1551_612FB_LT_4_NoIndex		150	150	120		PCSI_0002_Pa_P_PE_250_EX	TEST-EXP-80
read_group	121031_h239_0164_AC1F4JACXX_4_NoIndex	h239		150	150	120		PCSI_0181_Pa_P_PE_401_EX	TEST-EXP-81
read_group	110311_I581_00031_612RN_LT_1_NoIndex	110311_I581_00031_612RN_LT_1_NoIndex		150	150	120		PCSI_0007_Pa_P_PE_221_EX	TEST-EXP-82
read_group	101116_I278_00023_62EHA_LM_2_NoIndex	101116_I278_00023_62EHA_LM_2_NoIndex		150	150	120		PCSI_0001_Ly_R_PE_400_EX	TEST-EXP-83
read_group	110406_SN801_0046_BB0809ABXX_3_NoIndex	110406_SN801_0046_BB0809ABXX_3_NoIndex		150	150	120		PCSI_0009_Ly_R_PE_234_EX	TEST-EXP-84
read_group	110909_SN393_0184_BC00ERACXX_7_GCCAAT	SN393		150	150	120		PCSI_0108_Ly_R_PE_347_EX	TEST-EXP-85
read_group	110920_SN393_0187_BD04Y4ACXX_7_ATCACG	SN393		150	150	120		PCSI_0098_Ly_R_PE_359_EX	TEST-EXP-86
read_group	110513_I1551_00025_70C97_LT_4_NoIndex	110513_I1551_00025_70C97_LT_4_NoIndex		150	150	120		PCSI_0077_Pa_X_PE_333_EX	TEST-EXP-87
read_group	111027_SN203_0127_BC08J8ACXX_7_ATCACG	SN203		150	150	120		PCSI_0100_Ly_R_PE_446_EX	TEST-EXP-88
read_group	121011_SN802_0091_AD1DDBACXX_2_NoIndex	SN802		150	150	120		PCSI_0090_Ly_R_PE_414_EX	TEST-EXP-89
read_group	110311_I581_00031_612RN_LT_6_NoIndex	I581		150	150	120		PCSI_0010_Ly_R_PE_229_EX	TEST-EXP-90
read_group	111118_h803_0071_AC08E3ACXX_7_NoIndex	h803		150	150	120		PCSI_0081_Ly_R_PE_418_EX	TEST-EXP-91
read_group	110310_SN393_0116_A81ML9ABXX_5_NoIndex	110310_SN393_0116_A81ML9ABXX_5_NoIndex		150	150	120		PCSI_0005_Ly_R_PE_350_EX	TEST-EXP-92
read_group	110608_SN801_0054_BC00ECACXX_6_NoIndex	SN801		150	150	120		PCSI_0060_Pa_X_PE_394_EX	TEST-EXP-93
read_group	110406_SN801_0045_AB07R4ABXX_5_NoIndex	110406_SN801_0045_AB07R4ABXX_5_NoIndex		150	150	120		PCSI_0007_Pa_P_PE_221_EX	TEST-EXP-94
read_group	110915_SN203_0123_AC00R9ACXX_5_TTAGGC	SN203		150	150	120		PCSI_0086_Ly_R_PE_351_EX	TEST-EXP-95
read_group	100805_I581_00012_6241F_LT_4_NoIndex	100805_I581_00012_6241F_LT_4_NoIndex		150	150	120		PCSI_0009_Pa_X_PE_300_EX	TEST-EXP-96
read_group	110406_SN801_0046_BB0809ABXX_1_NoIndex	110406_SN801_0046_BB0809ABXX_1_NoIndex		150	150	120		PCSI_0001_Pa_X_PE_193_EX	TEST-EXP-97
read_group	111130_h801_0064_AC043YACXX_8_CTTGTA	h801		150	150	120		PCSI_0125_Pa_P_PE_406_EX	TEST-EXP-98
read_group	120511_SN1080_0107_AD0VMLACXX_8_NoIndex	SN1080		150	150	120		PCSI_0125_St_R_PE_451_EX	TEST-EXP-99
read_group	110329_I1551_00023_63109_LT_3_NoIndex	110329_I1551_00023_63109_LT_3_NoIndex		150	150	120		PCSI_0018_St_R_PE_241_EX	TEST-EXP-100
read_group	111027_SN203_0127_BC08J8ACXX_8_ACAGTG	SN203		150	150	120		PCSI_0117_St_R_PE_434_EX	TEST-EXP-101
read_group	110513_I1551_00025_70C97_LT_3_NoIndex	110513_I1551_00025_70C97_LT_3_NoIndex		150	150	120		PCSI_0076_Pa_X_PE_328_EX	TEST-EXP-102
read_group	110520_SN801_0050_AB09E1ABXX_2_NoIndex	110520_SN801_0050_AB09E1ABXX_2_NoIndex		150	150	120		PCSI_0006_Pa_P_PE_231_EX	TEST-EXP-103
read_group	120718_SN1080_0113_AD10R8ACXX_7_NoIndex	120718_SN1080_0113_AD10R8ACXX_7_NoIndex		150	150	120		MPCC_0032_Pa_C_PE_429_EX	TEST-EXP-104
read_group	110625_SN804_0061_AD04C4ACXX_7_GCCAAT	SN804		150	150	120		PCSI_0082_Ly_R_PE_447_EX	TEST-EXP-105
read_group	111118_h803_0071_AC08E3ACXX_1_NoIndex	h803		150	150	120		PCSI_0125_Pa_P_PE_406_EX	TEST-EXP-106
read_group	100805_I280_00017_623KE_LT_7_NoIndex	100805_I280_00017_623KE_LT_7_NoIndex		150	150	120		PCSI_0009_Pa_X_PE_300_EX	TEST-EXP-107
read_group	101116_I278_00023_62EHA_LM_1_NoIndex	101116_I278_00023_62EHA_LM_1_NoIndex		150	150	120		PCSI_0001_Ly_R_PE_400_EX	TEST-EXP-108
read_group	111027_SN203_0127_BC08J8ACXX_7_TTAGGC	SN203		150	150	120		PCSI_0115_Ly_R_PE_449_EX	TEST-EXP-109
read_group	110909_SN393_0184_BC00ERACXX_4_ATCACG	SN393		150	150	120		PCSI_0104_Pa_P_PE_360_EX	TEST-EXP-110
read_group	110513_I580_00041_70GG8_JJ_5_NoIndex	I580		150	150	120		PCSI_0056_St_R_PE_363_EX	TEST-EXP-111
read_group	120215_SN1080_0099_AC0GHPACXX_6_NoIndex	SN1080		150	150	120		PCSI_0114_Pa_P_PE_428_EX	TEST-EXP-112
read_group	110421_SN802_0050_B814PTABXX_1_NoIndex	SN802		150	150	120		PCSI_0078_Pa_X_PE_348_EX	TEST-EXP-113
read_group	110625_SN804_0061_AD04C4ACXX_2_ATCACG	SN804		150	150	120		PCSI_0038_Pa_X_PE_519_EX	TEST-EXP-114
read_group	110406_SN801_0045_AB07R4ABXX_3_NoIndex	110406_SN801_0045_AB07R4ABXX_3_NoIndex		150	150	120		PCSI_0006_Pa_P_PE_231_EX	TEST-EXP-115
read_group	130111_SN802_0102_AD1KY4ACXX_8_NoIndex	SN802		150	150	120		PCSI_0179_Ly_R_PE_399_EX	TEST-EXP-116
read_group	110513_I1551_00025_70C97_LT_6_NoIndex	I1551		150	150	120		PCSI_0060_Pa_X_PE_394_EX	TEST-EXP-117
read_group	101116_I278_00023_62EHA_LM_6_NoIndex	I278		150	150	120		PCSI_0021_Pa_X_PE_400_EX	TEST-EXP-118
read_group	100115_i1551_61FTP_AW_6_NoIndex	100115_i1551_61FTP_AW_6_NoIndex		150	150	120		PCSI_0022_Pa_C_PE_250_EX	TEST-EXP-119
read_group	091214_i278_616JH_LT_5_NoIndex	091214_i278_616JH_LT_5_NoIndex		150	150	120		PCSI_0005_Pa_X_PE_250_EX	TEST-EXP-120
read_group	110421_SN801_0048_B815A1ABXX_1_NoIndex	SN801		150	150	120		PCSI_0062_Pa_X_PE_331_EX	TEST-EXP-121
read_group	130321_SN203_0175_AC1MWPACXX_2_NoIndex	SN203		150	150	120		PCSI_0191_St_R_PE_391_EX	TEST-EXP-122
read_group	110630_SN203_0118_AC00FLACXX_1_CAGATC	110630_SN203_0118_AC00FLACXX_1_CAGATC		150	150	120		PCSI_0018_Pa_X_PE_364_EX	TEST-EXP-123
read_group	110406_SN801_0046_BB0809ABXX_5_NoIndex	110406_SN801_0046_BB0809ABXX_5_NoIndex		150	150	120		PCSI_0018_St_R_PE_241_EX	TEST-EXP-124
read_group	110616_SN393_0172_AC00EFACXX_1_CTTGTA	SN393		150	150	120		PCSI_0050_St_R_PE_414_EX	TEST-EXP-125
read_group	110406_SN801_0045_AB07R4ABXX_2_NoIndex	110406_SN801_0045_AB07R4ABXX_2_NoIndex		150	150	120		PCSI_0001_Pa_X_PE_193_EX	TEST-EXP-126
read_group	110513_I580_00041_70GG8_JJ_6_NoIndex	I580		150	150	120		PCSI_0056_St_R_PE_363_EX	TEST-EXP-127
read_group	111122_h1080_0085_BC0454ACXX_7_NoIndex	h1080		150	150	120		PCSI_0121_St_R_PE_424_EX	TEST-EXP-128
read_group	130417_h239_0181_AC0M4LACXX_1_NoIndex	h239		150	150	120		PCSI_0208_Pa_P_PE_394_EX	TEST-EXP-129
read_group	111209_h239_0135_BD0GRMACXX_5_TGACCA	h239		150	150	120		PCSI_0047_Ly_R_PE_437_EX	TEST-EXP-130
read_group	110311_I581_00031_612RN_LT_3_NoIndex	110311_I581_00031_612RN_LT_3_NoIndex		150	150	120		PCSI_0007_Pa_X_PE_233_EX	TEST-EXP-131
read_group	110929_SN203_0125_AD082UACXX_8_CAGATC	SN203		150	150	120		PCSI_0085_Pa_X_PE_377_EX	TEST-EXP-132
read_group	110625_SN804_0061_AD04C4ACXX_8_CAGATC	SN804		150	150	120		PCSI_0083_Ly_R_PE_584_EX	TEST-EXP-133
read_group	110415_SN804_0046_B816G0ABXX_2_NoIndex	110415_SN804_0046_B816G0ABXX_2_NoIndex		150	150	120		PCSI_0019_Pa_X_PE_402_EX	TEST-EXP-134
read_group	121031_h239_0164_AC1F4JACXX_2_NoIndex	h239		150	150	120		PCSI_0115_Pa_P_PE_380_EX	TEST-EXP-135
read_group	111209_h239_0135_BD0GRMACXX_1_CAGATC	h239		150	150	120		PCSI_0109_Ly_R_PE_349_EX	TEST-EXP-136
read_group	110415_SN804_0046_B816G0ABXX_5_NoIndex	SN804		150	150	120		PCSI_0023_Pa_P_PE_350_EX	TEST-EXP-137
read_group	091214_i1551_612FB_LT_7_NoIndex	091214_i1551_612FB_LT_7_NoIndex		150	150	120		PCSI_0002_Pa_X_PE_250_EX	TEST-EXP-138
read_group	110915_SN203_0123_AC00R9ACXX_5_ACTTGA	SN203		150	150	120		PCSI_0111_Ly_R_PE_345_EX	TEST-EXP-139
read_group	100115_i1551_61FTP_AW_5_NoIndex	100115_i1551_61FTP_AW_5_NoIndex		150	150	120		PCSI_0022_Pa_C_PE_250_EX	TEST-EXP-140
read_group	110415_SN804_0045_A81R5DABXX_6_NoIndex	SN804		150	150	120		PCSI_0069_Pa_X_PE_412_EX	TEST-EXP-141
read_group	100115_i278_61FW5_LT_2_NoIndex	100115_i278_61FW5_LT_2_NoIndex		150	150	120		PCSI_0022_Pa_P_PE_250_EX	TEST-EXP-142
read_group	091214_i277_61AML_LT_6_NoIndex	091214_i277_61AML_LT_6_NoIndex		150	150	120		PCSI_0005_Ly_R_PE_250_EX	TEST-EXP-143
read_group	121031_h239_0164_AC1F4JACXX_5_NoIndex	h239		150	150	120		PCSI_0192_Pa_P_PE_402_EX	TEST-EXP-144
read_group	110329_I1551_00023_63109_LT_7_NoIndex	110329_I1551_00023_63109_LT_7_NoIndex		150	150	120		PCSI_0022_Ly_R_PE_251_EX	TEST-EXP-145
read_group	110415_SN804_0045_A81R5DABXX_2_NoIndex	SN804		150	150	120		PCSI_0060_Pa_X_PE_394_EX	TEST-EXP-146
read_group	111027_SN203_0127_BC08J8ACXX_8_TGACCA	SN203		150	150	120		PCSI_0116_Sp_R_PE_444_EX	TEST-EXP-147
read_group	110406_SN801_0045_AB07R4ABXX_7_NoIndex	SN801		150	150	120		PCSI_0010_Ly_R_PE_229_EX	TEST-EXP-148
read_group	101116_I278_00023_62EHA_LM_7_NoIndex	I278		150	150	120		PCSI_0023_Ly_R_PE_400_EX	TEST-EXP-149
read_group	110901_I1551_00027_636RR_8_AP_NoIndex	I1551		150	150	120		PCSI_0072_Pa_X_PE_433_EX	TEST-EXP-150
read_group	091228_i580_61E0C_LT_6_NoIndex	091228_i580_61E0C_LT_6_NoIndex		150	150	120		PCSI_0002_Ly_R_PE_250_EX	TEST-EXP-151
read_group	110406_SN801_0045_AB07R4ABXX_6_NoIndex	110406_SN801_0045_AB07R4ABXX_6_NoIndex		150	150	120		PCSI_0007_Pa_X_PE_233_EX	TEST-EXP-152
read_group	100115_i1551_61FTP_AW_8_NoIndex	100115_i1551_61FTP_AW_8_NoIndex		150	150	120		PCSI_0006_Pa_C_PE_250_EX	TEST-EXP-153
read_group	121011_SN802_0091_AD1DDBACXX_4_NoIndex	SN802		150	150	120		PCSI_0125_Pa_P_PE_409_EX	TEST-EXP-154
read_group	120418_SN801_0072_AC0M13ACXX_3_NoIndex	120418_SN801_0072_AC0M13ACXX_3_NoIndex		150	150	120		MPCC_0032_Pa_C_PE_374_EX	TEST-EXP-155
read_group	101116_I278_00023_62EHA_LM_5_NoIndex	I278		150	150	120		PCSI_0021_Pa_X_PE_400_EX	TEST-EXP-156
read_group	110421_SN801_0047_A81592ABXX_7_NoIndex	110421_SN801_0047_A81592ABXX_7_NoIndex		150	150	120		PCSI_0084_Pa_X_PE_347_EX	TEST-EXP-157
read_group	110512_SN803_0045_B808NNABXX_5_NoIndex	SN803		150	150	120		PCSI_0020_Pa_X_PE_400_EX	TEST-EXP-158
read_group	111118_h803_0071_AC08E3ACXX_6_NoIndex	h803		150	150	120		PCSI_0127_Pa_P_PE_403_EX	TEST-EXP-159
read_group	110316_I580_00038_612RG_LT_1_NoIndex	110316_I580_00038_612RG_LT_1_NoIndex		150	150	120		PCSI_0001_Pa_P_PE_230_EX	TEST-EXP-160
read_group	110616_SN393_0172_AC00EFACXX_7_TTAGGC	SN393		150	150	120		PCSI_0056_Pa_X_PE_318_EX	TEST-EXP-161
read_group	110527_I581_00033_62RY2_AP_7_ACAGTG	I581		150	150	120		PCSI_0049_Pa_X_PE_291_EX	TEST-EXP-162
read_group	110513_I580_00041_70GG8_JJ_7_NoIndex	I580		150	150	120		PCSI_0057_St_R_PE_353_EX	TEST-EXP-163
read_group	121114_h804_0102_AC1493ACXX_6_NoIndex	h804		150	150	120		PCSI_0193_St_R_PE_390_EX	TEST-EXP-164
read_group	110616_SN393_0172_AC00EFACXX_2_GATCAG	110616_SN393_0172_AC00EFACXX_2_GATCAG		150	150	120		PCSI_0079_Pa_P_PE_351_EX	TEST-EXP-165
read_group	110310_I580_00036_612RH_LT_7_NoIndex	110310_I580_00036_612RH_LT_7_NoIndex		150	150	120		PCSI_0009_Ly_R_PE_234_EX	TEST-EXP-166
read_group	111122_h1080_0085_BC0454ACXX_5_NoIndex	h1080		150	150	120		PCSI_0114_Ly_R_PE_420_EX	TEST-EXP-167
read_group	110513_I1551_00025_70C97_LT_7_NoIndex	I1551		150	150	120		PCSI_0072_Ly_R_PE_401_EX	TEST-EXP-168
read_group	091228_i580_61E0C_LT_5_NoIndex	091228_i580_61E0C_LT_5_NoIndex		150	150	120		PCSI_0002_Ly_R_PE_250_EX	TEST-EXP-169
read_group	100115_i278_61FW5_LT_3_NoIndex	100115_i278_61FW5_LT_3_NoIndex		150	150	120		PCSI_0022_Pa_P_PE_250_EX	TEST-EXP-170
read_group	091214_i1551_612FB_LT_2_NoIndex	091214_i1551_612FB_LT_2_NoIndex		150	150	120		PCSI_0002_Pa_P_PE_250_EX	TEST-EXP-171
read_group	110310_I580_00036_612RH_LT_8_NoIndex	110310_I580_00036_612RH_LT_8_NoIndex		150	150	120		PCSI_0009_Ly_R_PE_234_EX	TEST-EXP-172
read_group	120215_SN1080_0099_AC0GHPACXX_5_NoIndex	SN1080		150	150	120		PCSI_0138_Pa_X_PE_445_EX	TEST-EXP-173
read_group	120125_h1080_0092_AD0DDKACXX_7_NoIndex	h1080		150	150	120		PCSI_0090_Pa_X_PE_433_EX	TEST-EXP-174
read_group	110513_I580_00041_70GG8_JJ_4_NoIndex	I580		150	150	120		PCSI_0052_St_R_PE_364_EX	TEST-EXP-175
read_group	101116_I280_00025_62F5B_LM_7_NoIndex	101116_I280_00025_62F5B_LM_7_NoIndex		150	150	120		PCSI_0019_St_R_PE_372_EX	TEST-EXP-176
read_group	111209_h239_0135_BD0GRMACXX_2_NoIndex	h239		150	150	120		PCSI_0038_Pa_X_PE_427_EX	TEST-EXP-177
read_group	110520_SN801_0050_AB09E1ABXX_1_NoIndex	110520_SN801_0050_AB09E1ABXX_1_NoIndex		150	150	120		PCSI_0001_Pa_P_PE_230_EX	TEST-EXP-178
read_group	101014_I320_00020_709G8_AP_7_NoIndex	101014_I320_00020_709G8_AP_7_NoIndex		150	150	120		PCSI_0007_Ly_R_PE_300_EX	TEST-EXP-179
read_group	110527_I581_00033_62RY2_AP_8_ACAGTG	I581		150	150	120		PCSI_0049_Pa_X_PE_291_EX	TEST-EXP-180
read_group	111122_h1080_0085_BC0454ACXX_4_NoIndex	h1080		150	150	120		PCSI_0103_Ly_R_PE_425_EX	TEST-EXP-181
read_group	091214_i278_616JH_LT_8_NoIndex	091214_i278_616JH_LT_8_NoIndex		150	150	120		PCSI_0005_Pa_X_PE_250_EX	TEST-EXP-182
read_group	110630_SN203_0118_AC00FLACXX_4_GCCAAT	SN203		150	150	120		PCSI_0044_Ly_R_PE_359_EX	TEST-EXP-183
read_group	101014_I320_00020_709G8_AP_8_NoIndex	101014_I320_00020_709G8_AP_8_NoIndex		150	150	120		PCSI_0007_Ly_R_PE_300_EX	TEST-EXP-184
read_group	090527_I581_304RJ_LT_3_NoIndex	090527_I581_304RJ_LT_3_NoIndex		150	150	120		PCSI_0005_Pa_X_PE_nn_EX	TEST-EXP-185
read_group	101103_I580_00031_709HR_AP_8_NoIndex	I580		150	150	120		PCSI_0021_Ep_R_PE_400_EX	TEST-EXP-186
read_group	101116_I280_00025_62F5B_LM_8_NoIndex	101116_I280_00025_62F5B_LM_8_NoIndex		150	150	120		PCSI_0019_St_R_PE_372_EX	TEST-EXP-187
read_group	110819_SN393_0183_AB02B9ACXX_1_GCCAAT	SN393		150	150	120		PCSI_0073_Pa_X_PE_431_EX	TEST-EXP-188
read_group	110915_SN203_0123_AC00R9ACXX_7_CAGATC	SN203		150	150	120		PCSI_0108_Pa_P_PE_439_EX	TEST-EXP-189
read_group	110421_SN801_0047_A81592ABXX_4_NoIndex	SN801		150	150	120		PCSI_0083_Pa_X_PE_351_EX	TEST-EXP-190
read_group	091214_i277_61AML_LT_8_NoIndex	091214_i277_61AML_LT_8_NoIndex		150	150	120		PCSI_0005_Ly_R_PE_250_EX	TEST-EXP-191
read_group	110429_SN802_0051_A801M1ABXX_7_NoIndex	110429_SN802_0051_A801M1ABXX_7_NoIndex		150	150	120		PCSI_0080_Pa_X_PE_345_EX	TEST-EXP-192
read_group	110901_SN803_0064_BC046BACXX_8_TAGCTT	SN803		150	150	120		PCSI_0098_Pa_P_PE_361_EX	TEST-EXP-193
read_group	110608_SN801_0054_BC00ECACXX_8_NoIndex	SN801		150	150	120		PCSI_0056_St_R_PE_363_EX	TEST-EXP-194
read_group	110316_I580_00038_612RG_LT_4_NoIndex	110316_I580_00038_612RG_LT_4_NoIndex		150	150	120		PCSI_0001_Pa_X_PE_193_EX	TEST-EXP-195
read_group	110512_SN803_0045_B808NNABXX_3_NoIndex	SN803		150	150	120		PCSI_0060_Pa_X_PE_394_EX	TEST-EXP-196
read_group	110421_SN802_0050_B814PTABXX_4_NoIndex	SN802		150	150	120		PCSI_0081_Pa_X_PE_357_EX	TEST-EXP-197
read_group	121114_h804_0102_AC1493ACXX_5_NoIndex	h804		150	150	120		PCSI_0181_Pa_X_PE_378_EX	TEST-EXP-198
read_group	110316_I580_00038_612RG_LT_3_NoIndex	110316_I580_00038_612RG_LT_3_NoIndex		150	150	120		PCSI_0001_Pa_X_PE_193_EX	TEST-EXP-199
read_group	110901_I1551_00027_636RR_7_AP_NoIndex	I1551		150	150	120		PCSI_0072_Pa_X_PE_433_EX	TEST-EXP-200
read_group	110901_SN803_0064_BC046BACXX_8_GGCTAC	SN803		150	150	120		PCSI_0099_Pa_P_PE_366_EX	TEST-EXP-201
read_group	110311_I581_00031_612RN_LT_2_NoIndex	110311_I581_00031_612RN_LT_2_NoIndex		150	150	120		PCSI_0007_Pa_P_PE_221_EX	TEST-EXP-202
read_group	110901_I1551_00027_636RR_5_AP_NoIndex	110901_I1551_00027_636RR_5_AP_NoIndex		150	150	120		PCSI_0007_Ly_R_PE_340_EX	TEST-EXP-203
read_group	090609_i280_428C9_LT_6_NoIndex	090609_i280_428C9_LT_6_NoIndex		150	150	120		PCSI_0006_Pa_P_PE_250_EX	TEST-EXP-204
read_group	091214_i1551_612FB_LT_8_NoIndex	091214_i1551_612FB_LT_8_NoIndex		150	150	120		PCSI_0002_Pa_X_PE_250_EX	TEST-EXP-205
read_group	110513_I580_00041_70GG8_JJ_1_NoIndex	I580		150	150	120		PCSI_0037_St_R_PE_342_EX	TEST-EXP-206
read_group	110421_SN801_0047_A81592ABXX_3_NoIndex	110421_SN801_0047_A81592ABXX_3_NoIndex		150	150	120		PCSI_0022_Ly_R_PE_403_EX	TEST-EXP-207
read_group	091214_i1551_612FB_LT_3_NoIndex	091214_i1551_612FB_LT_3_NoIndex		150	150	120		PCSI_0002_Pa_P_PE_250_EX	TEST-EXP-208
read_group	121005_h804_0096_AD0V4NACXX_3_NoIndex	h804		150	150	120		PCSI_0052_Pa_X_PE_392_EX	TEST-EXP-209
read_group	110513_I580_00041_70GG8_JJ_3_NoIndex	I580		150	150	120		PCSI_0052_St_R_PE_364_EX	TEST-EXP-210
read_group	110625_SN804_0061_AD04C4ACXX_4_TGACCA	SN804		150	150	120		PCSI_0077_Ly_R_PE_464_EX	TEST-EXP-211
read_group	110513_I580_00041_70GG8_JJ_8_NoIndex	I580		150	150	120		PCSI_0057_St_R_PE_353_EX	TEST-EXP-212
